﻿<?xml version="1.0" encoding="utf-8" ?>

<!--____________________________________________________________________________________

    $Source: MSDIAddin.xml $
 
    $Copyright: (c) 2017 Bentley Systems, Incorporated. All rights reserved. $
________________________________________________________________________________________-->

<!--____________________________________________________________________________________
  
  The commands.xml contains 3 main sections. <RootKeyinTable> defines the root of 
  the command table tree. <SubKeyinTables> defines all of the subtrees that appear 
  in the tree. <KeyinHandlers> provides a mapping from key-in string to the 
  method that handles the key-in.
________________________________________________________________________________________-->
<KeyinTree xmlns="http://www.bentley.com/schemas/1.0/MicroStation/AddIn/KeyinTree.xsd">
  
<!--____________________________________________________________________________________
  
  Define the root. The entry for the root is very similar to an entry in the
        table of subentries. The diference is that the entry for the root is labelled
        RootKeyinTable, but an entry for a subtable is labelled as KeyinTable.
________________________________________________________________________________________-->
  <RootKeyinTable ID="root">
    <Keyword SubtableRef="SubRefId" CommandWord="MSDIAddin" >
      <Options Required ="true"/>
    </Keyword>
  </RootKeyinTable>
  
<!--Define subtables-->
  <SubKeyinTables>
    <KeyinTable ID="SubRefId">
      <Keyword CommandWord="HelloWorld"> </Keyword>
      <Keyword CommandWord="MoveElement"> </Keyword>
      <Keyword CommandWord="FileAnalyze"> </Keyword>
      <Keyword CommandWord="GetLength"> </Keyword>
      <Keyword CommandWord="MstnControlDemo"> </Keyword>
      <Keyword SubtableRef="CreateSub" CommandWord="Create"> </Keyword>
      <Keyword SubtableRef="ItemTypeSub" CommandWord="ItemType"> </Keyword>
    </KeyinTable>
    <KeyinTable ID="CreateSub">
      <Keyword CommandWord="Line"> </Keyword>
      <Keyword CommandWord="Cone"> </Keyword>
      <Keyword CommandWord="Text"> </Keyword>
      <Keyword CommandWord="ComplexChain"> </Keyword>
      <Keyword CommandWord="ColoredMesh"> </Keyword>
      <Keyword CommandWord="PC"> </Keyword>
    </KeyinTable>
    <KeyinTable ID="ItemTypeSub">
      <Keyword CommandWord="Create"> </Keyword>
      <Keyword CommandWord="Delete"> </Keyword>
      <Keyword CommandWord="Attach"> </Keyword>
      <Keyword CommandWord="Detach"> </Keyword>
      <Keyword CommandWord="Read"> </Keyword>
    </KeyinTable>
  </SubKeyinTables>

  <!--Define a mapping from key-in to the method that handles the key-in.-->
  <KeyinHandlers>
    <KeyinHandler Keyin="MSDIAddin HelloWorld" Function="MSDIAddin.MSDIAddinClass.HelloWorld"/>
    <KeyinHandler Keyin="MSDIAddin MoveElement" Function="MSDIAddin.MSDIAddinClass.MoveElement"/>
    <KeyinHandler Keyin="MSDIAddin FileAnalyze" Function="MSDIAddin.MSDIAddinClass.FileAnalyze"/>
    <KeyinHandler Keyin="MSDIAddin GetLength" Function="MSDIAddin.MSDIAddinClass.GetLength"/>
    <KeyinHandler Keyin="MSDIAddin MstnControlDemo" Function="MSDIAddin.MSDIAddinClass.MstnControlDemo"/>
    <KeyinHandler Keyin="MSDIAddin Create Line" Function="MSDIAddin.MSDIAddinClass.CreateLine"/>
    <KeyinHandler Keyin="MSDIAddin Create Cone" Function="MSDIAddin.MSDIAddinClass.CreateCone"/>
    <KeyinHandler Keyin="MSDIAddin Create Text" Function="MSDIAddin.MSDIAddinClass.CreateText"/>
    <KeyinHandler Keyin="MSDIAddin Create ComplexChain" Function="MSDIAddin.MSDIAddinClass.CreateComplexChain"/>
    <KeyinHandler Keyin="MSDIAddin Create ColoredMesh" Function="MSDIAddin.MSDIAddinClass.CreateColorIndexedMesh"/>
    <KeyinHandler Keyin="MSDIAddin Create PC" Function="MSDIAddin.MSDIAddinClass.CreatePC"/>
    <KeyinHandler Keyin="MSDIAddin ItemType Create" Function="MSDIAddin.MSDIAddinClass.ItemTypeCreate"/>
    <KeyinHandler Keyin="MSDIAddin ItemType Delete" Function="MSDIAddin.MSDIAddinClass.ItemTypeDelete"/>
    <KeyinHandler Keyin="MSDIAddin ItemType Attach" Function="MSDIAddin.MSDIAddinClass.ItemAttach"/>
    <KeyinHandler Keyin="MSDIAddin ItemType Detach" Function="MSDIAddin.MSDIAddinClass.ItemDetach"/>
    <KeyinHandler Keyin="MSDIAddin ItemType Read" Function="MSDIAddin.MSDIAddinClass.ItemRead"/>
  </KeyinHandlers>
</KeyinTree>